DROP DATABASE IF EXISTS school_members_db;

CREATE DATABASE IF NOT EXISTS school_members_db;

USE school_members_db;

-- -------------------------------
-- Creating tables begins
-- -------------------------------

-- Table structure for table `members`

CREATE TABLE IF NOT EXISTS members (
	id INT UNSIGNED NOT NULL UNIQUE AUTO_INCREMENT,
    name VARCHAR(50) NOT NULL,
    state ENUM ('student', 'teacher', 'staff', 'unknown') DEFAULT 'unknown',
    emil VARCHAR(50) NOT NULL,
    profil_picture LONGBLOB,
    reg_time TIMESTAMP DEFAULT CURRENT_TIMESTAMP,
    PRIMARY KEY(id)
);

-- Table structure for table `courses`

CREATE TABLE IF NOT EXISTS courses (
	id INT UNSIGNED NOT NULL UNIQUE AUTO_INCREMENT,
    course_name VARCHAR(50), 
    is_daytime BOOL,
    length_week INT UNSIGNED,
    PRIMARY KEY(id)
);

-- Table structure for table `subjects`

CREATE TABLE IF NOT EXISTS subjects (
	id INT UNSIGNED NOT NULL UNIQUE AUTO_INCREMENT,
    subject_name VARCHAR(150) NOT NULL,
    credit INT,
    length_hour INT UNSIGNED,
-- not perfect, need to specify teachers to subjects
    PRIMARY KEY(id)
);

-- Table structure for table `member2courses`

CREATE TABLE IF NOT EXISTS member2courses (
	id INT UNSIGNED NOT NULL UNIQUE AUTO_INCREMENT,
    member_id INT UNSIGNED NOT NULL,
    course_id INT UNSIGNED NOT NULL,
    PRIMARY KEY (id),
    FOREIGN KEY (member_id) REFERENCES members(id), -- teszt féjld vid membörz.ájdí
    FOREIGN KEY (course_id) REFERENCES courses(id)
);

-- Table structure for table `subjects2courses`

CREATE TABLE IF NOT EXISTS subjects2courses (
	id INT UNSIGNED NOT NULL UNIQUE AUTO_INCREMENT,
    subject_id INT UNSIGNED NOT NULL,
    course_id INT UNSIGNED NOT NULL,
    schedule_day ENUM ('monday', 'tuesday', 'wednesday', 'thursday', 'friday', 'saturday', 'sunday') 
		NOT NULL, -- not perfect, could be in its own table
    schedule_hour INT UNSIGNED NOT NULL,
    PRIMARY KEY (id),
    FOREIGN KEY (subject_id) REFERENCES subjects(id),
    FOREIGN KEY (course_id) REFERENCES courses(id)
);

-- -------------------------------
-- Creating tables ends
-- -------------------------------

-- -------------------------------
-- Dumping data begins
-- -------------------------------

-- Dumping data for table `members`

INSERT INTO members(id, name, state, emil, reg_time) VALUES
	(1, 'Muraközy Andrea', 'staff', 'murakozyandrea@progmatic.ac', '2018-01-01T10:23:42'),
	(2, 'Fauszt Ildikó', 'staff', 'fausztildiko@progmatic.ac', '2018-01-01T10:23:42'),
	(3, 'Hidas Dorottya', 'staff', 'hidasdorottya@progmatic.ac', '2018-01-01T10:23:42'),
	(4, 'Klein Tamás', 'teacher', 'kleintamas@progmatic.java', '2018-04-12T10:23:42'),
	(5, 'Kiss László', 'teacher', 'kisslaszlo@progmatic.java', '2018-03-09T10:23:42'),
	(6, 'Fele Levelente', 'teacher', 'felelevelente@progmatic.java', '2018-12-20T10:23:42'),
	(7, 'Papp Gergely', 'teacher', 'pappgergely@progmatic.java', '2019-04-28T10:23:42'),
	(8, 'Csatt A. Nóra', 'teacher', 'csatta.nora@progmatic.java', '2018-09-14T10:23:42'),
	(9, 'Nyilasy Péter', 'teacher', 'nyilasypeter@progmatic.java', '2018-06-18T10:23:42'),
	(10, 'Besenyei Hédi', 'teacher', 'besenyeihedi@progmatic.java', '2018-03-25T10:23:42'),
	(11, 'Rakottyai Zoltán', 'teacher', 'rakottyaizoltan@progmatic.java', '2019-01-30T10:23:42'),
	(12, 'Benedek Mária', 'teacher', 'benedekmaria@progmatic.java', '2018-07-31T10:23:42'),
	(13, 'Komáromi Gábor', 'teacher', 'komaromigabor@progmatic.java', '2018-04-04T10:23:42'),
	(14, 'Lőrincz Gergely', 'student', 'lorinczgergely@programail.com', '2018-12-23T22:01:24'),
	(15, 'Kanizsai-Kovacevic Rita', 'student', 'kanizsai-kovacevicrita@programail.com', '2018-08-02T07:00:29'),
	(16, 'Horváth Zsófia Anna', 'student', 'horvathzsofiaanna@programail.com', '2018-11-07T11:04:23'),
	(17, 'Bártfai Soma', 'student', 'bartfaisoma@programail.com', '2020-09-07T09:14:39'),
	(18, 'Weisz Márk', 'student', 'weiszmark@programail.com', '2019-07-30T23:15:04'),
	(19, 'Tóth Lóránd', 'student', 'tothlorand@programail.com', '2018-03-10T09:37:46'),
	(20, 'Skoda Máté', 'student', 'skodamate@programail.com', '2021-04-15T18:26:17'),
	(21, 'Szabadkai Zoltán', 'student', 'szabadkaizoltan@programail.com', '2020-03-07T14:20:27'),
	(22, 'Gergely Róbert', 'student', 'gergelyrobert@programail.com', '2020-06-30T14:07:58'),
	(23, 'Jó Áron', 'student', 'joáron@programail.com', '2020-11-22T19:18:05'),
	(24, 'Ispán Norbert', 'student', 'ispannorbert@programail.com', '2019-10-20T06:38:19'),
	(25, 'Sárközi Róbert', 'student', 'sarkozirobert@programail.com', '2021-03-13T22:09:40'),
	(26, 'Török-Pál Mihály', 'student', 'torok-palmihaly@programail.com', '2019-08-06T18:09:18'),
	(27, 'Konkoly-Sümegi Flóra', 'student', 'konkoly-sumegiflora@programail.com', '2019-10-01T16:47:33'),
	(28, 'Simon Laura', 'student', 'simonlaura@programail.com', '2020-03-22T19:33:11'),
	(29, 'Péteri Gábor', 'student', 'peterigabor@programail.com', '2020-10-08T00:23:51'),
	(30, 'Smidéliusz Dávid', 'student', 'smideliuszdavid@programail.com', '2019-07-02T23:53:57'),
	(31, 'Trab Antal', 'student', 'trabantal@programail.com', '2020-04-18T13:58:40'),
	(32, 'Alatt Tamás', 'student', 'alatttamas@programail.com', '2021-01-22T14:32:53'),
	(33, 'Érték Elek', 'student', 'értekelek@programail.com', '2020-09-10T15:10:42'),
	(34, 'Nehéz A. Bulcsú', 'student', 'neheza.bulcsu@programail.com', '2019-06-03T22:14:37'),
	(35, 'Sárdi Imre', 'student', 'sardiimre@programail.com', '2021-05-20T20:15:51'),
	(36, 'Ala Domos', 'student', 'aladomos@programail.com', '2019-07-17T16:02:08'),
	(37, 'Kertész Beáta', 'student', 'kerteszbeata@programail.com', '2021-05-08T05:37:39'),
	(38, 'Tóth Gábor', 'student', 'tothgabor@programail.com', '2021-02-09T22:18:52'),
	(39, 'Szed Ernő', 'student', 'szederno@programail.com', '2019-01-14T16:53:41'),
	(40, 'Keszthelyi Ádám', 'student', 'keszthelyiádam@programail.com', '2018-12-11T04:17:55'),
	(41, 'Dr. El Kohen-Kőszegi Anita', 'student', 'dr.elkohen-koszegianita@programail.com', '2019-05-01T09:18:26'),
	(42, 'Zsela Tina', 'student', 'zselatina@programail.com', '2021-05-13T18:30:57'),
	(43, 'Virth Benjamin', 'student', 'virthbenjamin@programail.com', '2019-12-07T03:44:25'),
	(44, 'Vad Virág', 'student', 'vadvirag@programail.com', '2019-06-15T00:13:25'),
	(45, 'Szendrői Szabina', 'student', 'szendroiszabina@programail.com', '2020-09-29T09:17:46'),
	(46, 'Kecsey Tuzson', 'student', 'kecseytuzson@programail.com', '2021-05-23T16:10:22'),
	(47, 'Szöcs Kenéz', 'student', 'szocskenez@programail.com', '2018-01-27T07:10:59'),
	(48, 'Teszt Elek', 'student', 'tesztelek@programail.com', '2019-04-05T22:34:27'),
	(49, 'Vajsz Máté', 'student', 'vajszmate@programail.com', '2019-10-17T08:45:20'),
	(50, 'Bara Gergely', 'student', 'baragergely@programail.com', '2021-04-16T15:23:35'),
	(51, 'Szerkesztő Edit', 'student', 'szerkesztoedit@programail.com', '2018-01-16T07:15:57'),
	(52, 'Am Erika', 'student', 'amerika@programail.com', '2018-07-28T17:57:21'),
	(53, 'Antal Kata', 'student', 'antalkata@programail.com', '2019-09-21T23:31:53'),
	(54, 'Szép Emese', 'student', 'szepemese@programail.com', '2020-08-07T19:06:10'),
	(55, 'Burko Lóránt', 'student', 'burkolorant@programail.com', '2018-03-02T12:06:19'),
	(56, 'Makó Gyöngyi', 'student', 'makogyongyi@programail.com', '2018-09-07T01:27:24'),
	(57, 'Rohan Gál', 'student', 'rohangal@programail.com', '2021-01-18T22:58:08'),
	(58, 'Hajdu Alexandra', 'student', 'hajdualexandra@programail.com', '2018-05-08T23:47:28'),
	(59, 'Józsa-Teleki Áron', 'student', 'jozsa-telekiáron@programail.com', '2018-08-17T04:17:29'),
	(60, 'Mindmeg Egyed', 'student', 'mindmegegyed@programail.com', '2019-08-21T01:57:55'),
	(61, 'Sörös Borbála', 'student', 'sorosborbala@programail.com', '2018-10-02T16:57:12'),
	(62, 'Lo Holló', 'student', 'lohollo@programail.com', '2021-01-13T05:02:07'),
	(63, 'Bán Judit', 'student', 'banjudit@programail.com', '2018-05-28T15:39:54'),
	(64, 'Tüdő Gyula', 'student', 'tudogyula@programail.com', '2021-07-06T04:29:28'),
	(65, 'Lanszki Gábor', 'student', 'lanszkigabor@programail.com', '2020-12-17T00:39:21'),
	(66, 'Magas Áron', 'student', 'magasáron@programail.com', '2019-10-13T06:55:26'),
	(67, 'Szabolcsi Róbert', 'student', 'szabolcsirobert@programail.com', '2019-04-21T22:45:26'),
	(68, 'Kapor Apor', 'student', 'kaporapor@programail.com', '2018-11-10T05:01:03'),
	(69, 'Vadász Csaba', 'student', 'vadaszcsaba@programail.com', '2020-02-07T20:48:53'),
	(70, 'Janzsó Miklós', 'student', 'janzsomiklos@programail.com', '2019-10-11T19:52:51'),
	(71, 'Márai Zoltán', 'student', 'maraizoltan@programail.com', '2019-05-14T18:00:04'),
	(72, 'Budavári-Kapuszta Krisztina', 'student', 'budavari-kapusztakrisztina@programail.com', '2021-02-02T05:33:05'),
	(73, 'Varga György', 'student', 'vargagyorgy@programail.sql', '2021-04-01T12:19:42'),
	(74, 'Szeme Imre', 'unknown', 'szemeimre@progmatic.sql', '2018-03-09T15:07:32'),
	(75, 'Remek Elek', 'unknown', 'remekelek@progmatic.sql', '2018-07-01T14:02:18'),
	(76, 'Kis M. Erik', 'unknown', 'kism.erik@progmatic.sql', '2021-05-27T13:13:23');
    
-- Dumping data for table `courses`

INSERT INTO courses VALUES
	(1, 'Junior Java alapozó', 1, 12),
    (2, 'Junior Java alapozó', 0, 16),
    (3, 'Junior Java - Frontend specializáció', 1, 20),
    (4, 'Junior Java - Backend specializáció', 1, 20),
    (5, 'Junior Java - Fullstack', 1, 24),
    (6, 'Junior Java - Fullstack', 0, 32),
    (7, 'Frontend fejlesző', 0, 28),
    (8, 'Backend fejlesztő', 0, 28);

-- Dumping data for table `subjects`

INSERT INTO subjects VALUES
	(1, 'A programozói környezet bemutatása és telepítése', 1, 9),
	(2, 'Bevezetés a programozásba', 2, 10),
	(3, 'A programozás alapjai', 4, 3),
	(4, 'Programozás alapismeretek 1.', 1, 7),
	(5, 'Programozás alapismeretek 2.', 4, 10),
	(6, 'Programozás alapismeretek 3.', 4, 11),
	(7, 'Java alapozó 1. - JRE, JVM működése', 2, 9),
	(8, 'Java alapozó 2. - Változók és operátorok', 3, 7),
	(9, 'Java alapozó 3. - Az első program', 2, 8),
	(10, 'Java - tömbök', 2, 5),
	(11, 'Java - adatszerkezetek', 4, 9),
	(12, 'Java - feltételek és elágazások', 3, 3),
	(13, 'Java - ciklusok', 4, 9),
	(14, 'Java metódusok 1.', 1, 11),
	(15, 'Java metódusok 2.', 2, 4),
	(16, 'Java metódusok 3.', 2, 10),
	(17, 'Java built-in metódusok és osztályok használata 1.', 5, 7),
	(18, 'Java built-in metódusok és osztályok használata 2.', 2, 9),
	(19, 'Programozási tételek - Rendezések', 6, 4),
	(20, 'Java és az Objektum-Orientált Programozás 1.', 4, 5),
	(21, 'Java és az Objektum-Orientált Programozás 2.', 3, 11),
	(22, 'Java és az Objektum-Orientált Programozás 3.', 1, 10),
	(23, 'Változók fajtái a Java-ban', 3, 6),
	(24, 'Java - osztályok', 5, 12),
	(25, 'Java - objektumok', 5, 8),
	(26, 'Java - láthatósági jelzői', 6, 11),
	(27, 'Kulcsszavak a Java-ban', 6, 5),
	(28, 'Static VS. non-static', 2, 8),
	(29, 'Java - List, Set és Map', 6, 7),
	(30, 'A Java komplex adatszerkezetei', 5, 5),
	(31, 'Öröklődés a Java-ban', 2, 3),
	(32, 'Az Objektum-Orientált Programozás koncepciói a Java-ban', 6, 4),
	(33, 'Java - interface-ek és absztrakt osztályok', 1, 5),
	(34, 'Polimorfizmus a Java-ban', 3, 3),
	(35, 'A program hibáinak fajtái', 1, 10),
	(36, 'Hibakezelés a Java-ban', 3, 5),
	(37, 'Az algoritmusok futásidejéről', 2, 11),
	(38, 'Bevezetés az adatbázisok világába', 6, 5),
	(39, 'Bevezetés az SQL használatába', 5, 10),
	(40, 'Adatbázis szerverek', 2, 4),
	(41, 'MySQL alapozó 1. - telepítés, használat, alapfogalmak', 4, 10),
	(42, 'MySQL alapozó 2. - egyszerű lekérdezések', 6, 5),
	(43, 'MySQL alapozó 3. - összetett lekérdezések', 1, 11),
	(44, 'Adattípusok a MySQL-ben', 6, 3),
	(45, 'Mezők tulajdonságai a MySQL-ben', 1, 5),
	(46, 'Adatbázis tervezése 1.', 2, 11),
	(47, 'Adatbázis tervezése 2.', 2, 3),
	(48, 'Adatbázis létrehozása', 8, 12),
	(49, 'Minden, amit a hálózatokról tudni akartál, csak soha nem merted megkérdezni', 1, 7),
	(50, 'Hálózati alapismeretek', 5, 7),
	(51, 'Hálózati protokollok', 5, 10),
	(52, 'HTTP - alapismeretek és alapfogalmak', 1, 4),
	(53, 'HTTP - request-ek és response-ok', 1, 12),
	(54, 'HTML alapozó 1. - használat, alapfogalmak', 2, 11),
	(55, 'HTML alapozó 2. - weboldal felépítése', 5, 12),
	(56, 'HTML alapozó 3. - menük', 4, 7),
	(57, 'HTML alapozó 4. - hivatkozások', 3, 11),
	(58, 'HTML alapozó 5. - gyakorlati alkalmazás', 4, 3),
	(59, 'HTML és CSS - Melyiket mire használjuk?', 4, 10),
	(60, 'Stílus beágyazása a HTML-kódba', 4, 12),
	(61, 'CSS alapozó 1. - használat, alapfogalmak', 2, 6),
	(62, 'CSS alapozó 2. - színek és méretezés', 3, 8),
	(63, 'CSS alapozó 3. - elemek elrendezése', 5, 10),
	(64, 'CSS alapozó 4. - gyakorlati alkalmazás', 6, 10),
	(65, 'Animálás CSS-sel', 4, 5),
	(66, 'Az SCSS alapjai', 6, 7),
	(67, 'Bootstrap 1. - elméleti áttekintés', 4, 9),
	(68, 'Bootstrap 2. - elemek és használatuk', 4, 10),
	(69, 'Bootstrap 3. - elemek elrendezése', 4, 10),
	(70, 'Bootstrap gyakorlati alkalmazása 1.', 2, 8),
	(71, 'Bootstrap gyakorlati alkalmazása 2.', 2, 6),
	(72, 'Bootstrap gyakorlati alkalmazása 3.', 5, 4),
	(73, 'Bootstrap gyakorlati alkalmazása 4.', 5, 7),
	(74, 'Bootstrap gyakorlati alkalmazása 5.', 3, 10),
	(75, 'JavaScript alapozó 1. - használat, alapfogalmak', 6, 5),
	(76, 'JavaScript alapozó 2. - változók és operátorok', 2, 6),
	(77, 'JavaScript alapozó 3. - adatszerkezetek', 1, 3),
	(78, 'JavaScript alapozó 4. - elágazások, ciklusok', 1, 8),
	(79, 'JavaScript - function-ök 1.', 4, 7),
	(80, 'JavaScript - function-ök 2.', 6, 12),
	(81, 'JavaScript - animálás', 2, 9),
	(82, 'TypeScript alapozó 1.', 1, 11),
	(83, 'TypeScript alapozó 2.', 6, 12),
	(84, 'TypeScript alapozó 3.', 6, 12),
	(85, 'Dinamikus weboldalak JavaScript alkalmazásával', 4, 7),
	(86, 'Weboldaltervezési alapismeretek 1.', 6, 5),
	(87, 'Weboldaltervezési alapismeretek 2.', 5, 4),
	(88, 'Weboldaltervezési alapismeretek 3.', 1, 12),
	(89, 'Webdesign 1.', 5, 3),
	(90, 'Webdesign 2.', 5, 11),
	(91, 'Weboldalak tervezése és készítése', 4, 8),
	(92, 'Angular alapozó 1. - használat, alapfogalmak', 5, 12),
	(93, 'Angular alapozó 2. - program felépítése', 2, 7),
	(94, 'Angular alapozó 3. - webes alkalmazások', 3, 6),
	(95, 'Angular - kommunikálás a backend-alkalmazással', 3, 5),
	(96, 'Angular - konténerek 1.', 4, 5),
	(97, 'Angular - konténerek 2.', 2, 10),
	(98, 'Angular - konténerek 3.', 1, 10),
	(99, 'Angular - request küldése 1.', 4, 9),
	(100, 'Angular - request küldése 2.', 3, 12),
	(101, 'Angular - response fogadása 1.', 5, 3),
	(102, 'Angular - response fogadása 2.', 4, 5),
	(103, 'Version Control System bemutatása', 4, 6),
	(104, 'Version Control System a gyakorlatban', 1, 9),
	(105, 'Git telepítése, beállítása', 5, 9),
	(106, 'Github használata 1. - repository, commit, push és pull', 2, 5),
	(107, 'Github használata 2. - conflict-kezelés', 2, 7),
	(108, 'Programtervezési alapismeretek 1. - tervezés, vázlatok', 1, 11),
	(109, 'Programtervezési alapismeretek 2. - UML-diagram', 3, 12),
	(110, 'A csapatmunka mint a programozás alappillére', 4, 8),
	(111, 'Csapatmunka - együttműködés a programozásban', 4, 8),
	(112, 'A programok struktúrája', 4, 3),
	(113, 'Szálkezelés a Java-ban', 1, 8),
	(114, 'Singleton a Java-ban', 1, 5),
	(115, 'Kriptográfia - avagy a titkosítás alapjai', 3, 6),
	(116, 'A Maven projekt felépítése', 5, 12),
	(117, 'A Maven projekt használata', 3, 12),
	(118, 'Dependencia-kezelés a Maven projektekben', 5, 8),
	(119, 'Röviden az XML-ről', 2, 12),
	(120, 'Tesztelés a programozásban 1. - használat, alapfogalmak', 2, 7),
	(121, 'Tesztelés a programozásban 2. - Unit tesztek', 6, 3),
	(122, 'Tesztelés a programozásban 3. - Integrációs tesztek', 3, 7),
	(123, 'Reguláris kifejezések és használatuk', 1, 12),
	(124, 'Lambda-kifejezése a Java-ban', 6, 4),
	(125, 'Spring alapozó 1. - használat, alapfogalmak', 5, 8),
	(126, 'Spring alapozó 2. - felépítés, API-k', 6, 9),
	(127, 'Spring alapozó 3. - webes alkalmazások', 1, 10),
	(128, 'Spring - kommunikálás a frontend-alkalmazással', 4, 5),
	(129, 'A Spring annotációi 1.', 6, 3),
	(130, 'A Spring annotációi 2.', 4, 10),
	(131, 'Spring MVC 1.', 2, 6),
	(132, 'Spring MVC 2.', 6, 7),
	(133, 'Spring MVC 3.', 2, 11),
	(134, 'Bevezetés a Thymeleaf használatába', 3, 10),
	(135, 'Spring Rest API 1.', 3, 11),
	(136, 'Spring Rest API 2.', 4, 10),
	(137, 'Spring Rest API 3.', 5, 4),
	(138, 'Endpoint-ok kezelése', 4, 12),
	(139, 'Design pattern-ek a Java-ban - áttekintés', 1, 4),
	(140, 'JPA alapozó 1.', 2, 4),
	(141, 'JPA alapozó 2.', 4, 4),
	(142, 'JPA alapozó 3.', 4, 12),
	(143, 'Hibernate alapozó 1.', 2, 5),
	(144, 'Hibernate alapozó 2.', 5, 6),
	(145, 'Hibernate alapozó 3.', 4, 3),
	(146, 'JPA és Hibernate használata a gyakorlatban', 5, 3),
	(147, 'Bevezetés a Docker világába 1.', 2, 9),
	(148, 'Bevezetés a Docker világába 2.', 2, 7),
	(149, 'Módszertanok fajtái', 2, 3),
	(150, 'A Scrum módszertan elmélete és gyakorlata', 5, 12);

-- Dumping data for table `member2courses`

INSERT INTO member2courses VALUES
	(1, 14, 8),
	(2, 15, 4),
	(3, 16, 8),
	(4, 17, 8),
	(5, 18, 3),
	(6, 19, 8),
	(7, 20, 4),
	(8, 21, 8),
	(9, 22, 8),
	(10, 23, 5),
	(11, 24, 3),
	(12, 25, 3),
	(13, 26, 8),
	(14, 27, 8),
	(15, 28, 3),
	(16, 29, 4),
	(17, 30, 8),
	(18, 31, 5),
	(19, 32, 7),
	(21, 34, 5),
	(22, 35, 8),
	(23, 36, 7),
	(24, 37, 8),
	(25, 38, 4),
	(26, 39, 7),
	(27, 40, 4),
	(28, 41, 8),
	(29, 42, 7),
	(30, 43, 8),
	(31, 44, 7),
	(32, 45, 8),
	(33, 46, 3),
	(34, 47, 5),
	(35, 48, 5),
	(36, 49, 8),
	(37, 50, 5),
	(38, 51, 7),
	(39, 52, 5),
	(40, 53, 8),
	(41, 54, 5),
	(42, 55, 5),
	(43, 56, 8),
	(44, 57, 7),
	(45, 58, 8),
	(46, 59, 4),
	(47, 60, 5),
	(49, 62, 7),
	(50, 63, 8),
	(51, 64, 7),
	(52, 65, 3),
	(53, 66, 5),
	(54, 67, 3),
	(55, 68, 5),
	(56, 69, 8),
	(57, 70, 8),
	(58, 71, 3),
	(59, 72, 8),
	(60, 73, 8);

-- Dumping data for table `subjects2courses`

INSERT INTO subjects2courses VALUES
	(1, 1, 1, 1, 3),
	(2, 2, 1, 4, 3),
	(3, 3, 1, 3, 2),
	(4, 4, 1, 5, 1),
	(5, 5, 1, 2, 2),
	(6, 6, 1, 2, 2),
	(7, 7, 1, 2, 3),
	(8, 8, 1, 3, 2),
	(9, 9, 1, 4, 3),
	(10, 10, 1, 2, 3),
	(11, 11, 1, 3, 3),
	(12, 12, 1, 3, 1),
	(13, 13, 1, 1, 3),
	(14, 14, 1, 2, 2),
	(15, 15, 1, 1, 2),
	(16, 16, 1, 1, 3),
	(17, 17, 1, 1, 1),
	(18, 18, 1, 3, 2),
	(19, 19, 1, 4, 1),
	(20, 20, 1, 4, 2),
	(21, 21, 1, 4, 3),
	(22, 22, 1, 5, 2),
	(23, 23, 1, 2, 1),
	(24, 24, 1, 1, 1),
	(25, 25, 1, 1, 1),
	(26, 26, 1, 1, 2),
	(27, 27, 1, 5, 1),
	(28, 28, 1, 1, 3),
	(29, 29, 1, 2, 2),
	(30, 30, 1, 3, 3),
	(31, 31, 1, 3, 2),
	(32, 32, 1, 3, 3),
	(33, 33, 1, 3, 2),
	(34, 34, 1, 5, 2),
	(35, 35, 1, 5, 1),
	(36, 36, 1, 4, 2),
	(37, 37, 1, 1, 1),
	(38, 112, 1, 5, 3),
	(39, 113, 1, 2, 2),
	(40, 114, 1, 4, 2),
	(41, 123, 1, 5, 2),
	(42, 124, 1, 4, 3),
	(43, 1, 2, 7, 2),
	(44, 2, 2, 7, 3),
	(45, 3, 2, 6, 2),
	(46, 4, 2, 6, 2),
	(47, 5, 2, 6, 3),
	(48, 6, 2, 6, 1),
	(49, 7, 2, 7, 3),
	(50, 8, 2, 7, 2),
	(51, 9, 2, 6, 3),
	(52, 10, 2, 7, 3),
	(53, 11, 2, 6, 3),
	(54, 12, 2, 7, 1),
	(55, 13, 2, 6, 2),
	(56, 14, 2, 6, 3),
	(57, 15, 2, 7, 1),
	(58, 16, 2, 7, 1),
	(59, 17, 2, 6, 2),
	(60, 18, 2, 6, 3),
	(61, 19, 2, 7, 1),
	(62, 20, 2, 6, 1),
	(63, 21, 2, 7, 3),
	(64, 22, 2, 7, 3),
	(65, 23, 2, 6, 2),
	(66, 24, 2, 6, 1),
	(67, 25, 2, 6, 1),
	(68, 26, 2, 6, 3),
	(69, 27, 2, 7, 3),
	(70, 28, 2, 7, 1),
	(71, 29, 2, 6, 2),
	(72, 30, 2, 6, 2),
	(73, 31, 2, 7, 1),
	(74, 32, 2, 7, 3),
	(75, 33, 2, 6, 3),
	(76, 34, 2, 7, 1),
	(77, 35, 2, 7, 1),
	(78, 36, 2, 7, 1),
	(79, 37, 2, 7, 2),
	(80, 112, 2, 7, 2),
	(81, 113, 2, 6, 2),
	(82, 114, 2, 7, 1),
	(83, 123, 2, 6, 1),
	(84, 124, 2, 7, 1),
	(85, 49, 3, 1, 3),
	(86, 50, 3, 4, 1),
	(87, 51, 3, 5, 3),
	(88, 52, 3, 2, 3),
	(89, 53, 3, 2, 2),
	(90, 54, 3, 3, 2),
	(91, 55, 3, 4, 3),
	(92, 56, 3, 5, 3),
	(93, 57, 3, 2, 2),
	(94, 58, 3, 3, 3),
	(95, 59, 3, 5, 1),
	(96, 60, 3, 4, 1),
	(97, 61, 3, 3, 2),
	(98, 62, 3, 3, 1),
	(99, 63, 3, 3, 1),
	(100, 64, 3, 3, 2),
	(101, 65, 3, 4, 2),
	(102, 66, 3, 4, 2),
	(103, 67, 3, 1, 2),
	(104, 68, 3, 1, 1),
	(105, 69, 3, 2, 3),
	(106, 70, 3, 1, 3),
	(107, 71, 3, 5, 2),
	(108, 72, 3, 4, 3),
	(109, 73, 3, 2, 1),
	(110, 74, 3, 1, 1),
	(111, 75, 3, 1, 2),
	(112, 76, 3, 5, 1),
	(113, 77, 3, 1, 3),
	(114, 78, 3, 4, 1),
	(115, 79, 3, 2, 2),
	(116, 80, 3, 2, 1),
	(117, 81, 3, 1, 1),
	(118, 82, 3, 1, 1),
	(119, 83, 3, 5, 3),
	(120, 84, 3, 1, 2),
	(121, 85, 3, 3, 1),
	(122, 86, 3, 3, 3),
	(123, 87, 3, 2, 3),
	(124, 88, 3, 3, 1),
	(125, 89, 3, 1, 1),
	(126, 90, 3, 4, 2),
	(127, 91, 3, 5, 3),
	(128, 92, 3, 1, 1),
	(129, 93, 3, 4, 1),
	(130, 94, 3, 3, 1),
	(131, 95, 3, 3, 2),
	(132, 96, 3, 2, 1),
	(133, 97, 3, 2, 3),
	(134, 98, 3, 5, 2),
	(135, 99, 3, 2, 3),
	(136, 100, 3, 3, 1),
	(137, 101, 3, 4, 3),
	(138, 102, 3, 5, 2),
	(139, 103, 3, 4, 2),
	(140, 104, 3, 2, 1),
	(141, 105, 3, 3, 1),
	(142, 106, 3, 2, 1),
	(143, 107, 3, 5, 3),
	(144, 108, 3, 3, 3),
	(145, 109, 3, 3, 3),
	(146, 111, 3, 1, 3),
	(147, 115, 3, 2, 1),
	(148, 119, 3, 4, 3),
	(149, 147, 3, 3, 2),
	(150, 148, 3, 2, 2),
	(151, 149, 3, 5, 3),
	(152, 150, 3, 1, 2),
	(153, 38, 4, 2, 3),
	(154, 39, 4, 5, 3),
	(155, 40, 4, 1, 2),
	(156, 41, 4, 2, 1),
	(157, 42, 4, 2, 1),
	(158, 43, 4, 1, 1),
	(159, 44, 4, 4, 1),
	(160, 45, 4, 4, 2),
	(161, 46, 4, 4, 1),
	(162, 47, 4, 3, 1),
	(163, 48, 4, 3, 1),
	(164, 49, 4, 4, 2),
	(165, 50, 4, 1, 3),
	(166, 51, 4, 1, 1),
	(167, 52, 4, 5, 3),
	(168, 53, 4, 5, 1),
	(169, 103, 4, 5, 1),
	(170, 104, 4, 5, 3),
	(171, 105, 4, 3, 3),
	(172, 106, 4, 3, 3),
	(173, 107, 4, 1, 2),
	(174, 108, 4, 1, 3),
	(175, 109, 4, 2, 1),
	(176, 110, 4, 1, 3),
	(177, 111, 4, 4, 1),
	(178, 112, 4, 2, 3),
	(179, 113, 4, 4, 2),
	(180, 114, 4, 4, 3),
	(181, 115, 4, 2, 1),
	(182, 116, 4, 2, 3),
	(183, 117, 4, 5, 1),
	(184, 118, 4, 5, 1),
	(185, 119, 4, 3, 2),
	(186, 120, 4, 2, 2),
	(187, 121, 4, 1, 3),
	(188, 122, 4, 2, 2),
	(189, 123, 4, 4, 2),
	(190, 124, 4, 4, 2),
	(191, 125, 4, 3, 3),
	(192, 126, 4, 4, 1),
	(193, 127, 4, 4, 1),
	(194, 128, 4, 5, 3),
	(195, 129, 4, 3, 2),
	(196, 130, 4, 2, 3),
	(197, 131, 4, 4, 2),
	(198, 132, 4, 4, 2),
	(199, 133, 4, 1, 1),
	(200, 134, 4, 4, 3),
	(201, 135, 4, 5, 1),
	(202, 136, 4, 4, 1),
	(203, 137, 4, 3, 3),
	(204, 138, 4, 1, 3),
	(205, 139, 4, 2, 1),
	(206, 140, 4, 1, 3),
	(207, 141, 4, 4, 3),
	(208, 142, 4, 4, 2),
	(209, 143, 4, 1, 2),
	(210, 144, 4, 3, 1),
	(211, 145, 4, 3, 1),
	(212, 146, 4, 1, 2),
	(213, 147, 4, 3, 1),
	(214, 148, 4, 5, 1),
	(215, 149, 4, 5, 3),
	(216, 150, 4, 2, 3),
	(217, 1, 5, 5, 1),
	(218, 2, 5, 1, 2),
	(219, 3, 5, 1, 3),
	(220, 4, 5, 3, 3),
	(221, 5, 5, 1, 2),
	(222, 6, 5, 2, 2),
	(223, 7, 5, 3, 1),
	(224, 8, 5, 2, 1),
	(225, 9, 5, 3, 2),
	(226, 10, 5, 4, 1),
	(227, 11, 5, 5, 1),
	(228, 12, 5, 3, 2),
	(229, 13, 5, 1, 3),
	(230, 14, 5, 4, 3),
	(231, 15, 5, 3, 3),
	(232, 16, 5, 5, 1),
	(233, 17, 5, 4, 3),
	(234, 18, 5, 2, 2),
	(235, 19, 5, 2, 2),
	(236, 20, 5, 5, 1),
	(237, 21, 5, 2, 2),
	(238, 22, 5, 4, 2),
	(239, 23, 5, 3, 2),
	(240, 24, 5, 2, 1),
	(241, 25, 5, 1, 3),
	(242, 26, 5, 3, 1),
	(243, 27, 5, 4, 1),
	(244, 28, 5, 4, 2),
	(245, 29, 5, 4, 1),
	(246, 30, 5, 1, 2),
	(247, 31, 5, 5, 2),
	(248, 32, 5, 2, 2),
	(249, 33, 5, 5, 2),
	(250, 34, 5, 5, 3),
	(251, 35, 5, 5, 2),
	(252, 36, 5, 3, 1),
	(253, 37, 5, 1, 3),
	(254, 38, 5, 5, 3),
	(255, 39, 5, 3, 1),
	(256, 40, 5, 4, 1),
	(257, 41, 5, 5, 3),
	(258, 42, 5, 4, 1),
	(259, 43, 5, 1, 3),
	(260, 44, 5, 4, 2),
	(261, 45, 5, 1, 1),
	(262, 46, 5, 5, 3),
	(263, 47, 5, 4, 1),
	(264, 48, 5, 1, 1),
	(265, 49, 5, 1, 3),
	(266, 50, 5, 5, 2),
	(267, 51, 5, 2, 3),
	(268, 52, 5, 3, 3),
	(269, 53, 5, 4, 3),
	(270, 54, 5, 3, 1),
	(271, 55, 5, 2, 2),
	(272, 56, 5, 1, 1),
	(273, 57, 5, 5, 2),
	(274, 58, 5, 5, 1),
	(275, 59, 5, 2, 2),
	(276, 60, 5, 1, 3),
	(277, 61, 5, 3, 3),
	(278, 62, 5, 4, 2),
	(279, 63, 5, 1, 1),
	(280, 64, 5, 2, 1),
	(281, 65, 5, 4, 1),
	(282, 66, 5, 2, 3),
	(283, 67, 5, 1, 2),
	(284, 68, 5, 2, 3),
	(285, 69, 5, 2, 2),
	(286, 70, 5, 3, 1),
	(287, 71, 5, 4, 3),
	(288, 72, 5, 1, 2),
	(289, 73, 5, 1, 2),
	(290, 74, 5, 3, 2),
	(291, 75, 5, 1, 3),
	(292, 76, 5, 4, 3),
	(293, 77, 5, 1, 2),
	(294, 78, 5, 3, 3),
	(295, 79, 5, 3, 3),
	(296, 80, 5, 5, 3),
	(297, 81, 5, 3, 3),
	(298, 82, 5, 3, 3),
	(299, 83, 5, 4, 1),
	(300, 84, 5, 1, 1),
	(301, 85, 5, 2, 2),
	(302, 86, 5, 5, 2),
	(303, 87, 5, 4, 2),
	(304, 88, 5, 4, 1),
	(305, 89, 5, 5, 1),
	(306, 90, 5, 3, 3),
	(307, 91, 5, 3, 3),
	(308, 92, 5, 1, 3),
	(309, 93, 5, 3, 3),
	(310, 94, 5, 2, 3),
	(311, 95, 5, 1, 2),
	(312, 96, 5, 2, 3),
	(313, 97, 5, 2, 2),
	(314, 98, 5, 3, 3),
	(315, 99, 5, 3, 3),
	(316, 100, 5, 4, 2),
	(317, 101, 5, 3, 1),
	(318, 102, 5, 3, 2),
	(319, 103, 5, 3, 2),
	(320, 104, 5, 2, 1),
	(321, 105, 5, 1, 3),
	(322, 106, 5, 2, 2),
	(323, 107, 5, 2, 2),
	(324, 108, 5, 4, 1),
	(325, 109, 5, 3, 2),
	(326, 110, 5, 5, 3),
	(327, 111, 5, 4, 3),
	(328, 112, 5, 1, 3),
	(329, 113, 5, 4, 1),
	(330, 114, 5, 3, 2),
	(331, 115, 5, 2, 3),
	(332, 116, 5, 5, 3),
	(333, 117, 5, 5, 1),
	(334, 118, 5, 1, 1),
	(335, 119, 5, 1, 2),
	(336, 120, 5, 5, 1),
	(337, 121, 5, 3, 1),
	(338, 122, 5, 5, 1),
	(339, 123, 5, 2, 3),
	(340, 124, 5, 3, 3),
	(341, 125, 5, 5, 2),
	(342, 126, 5, 4, 1),
	(343, 127, 5, 4, 1),
	(344, 128, 5, 3, 2),
	(345, 129, 5, 1, 2),
	(346, 130, 5, 3, 3),
	(347, 131, 5, 5, 2),
	(348, 132, 5, 4, 3),
	(349, 133, 5, 1, 3),
	(350, 134, 5, 5, 1),
	(351, 135, 5, 2, 2),
	(352, 136, 5, 1, 1),
	(353, 137, 5, 3, 2),
	(354, 138, 5, 4, 2),
	(355, 139, 5, 4, 2),
	(356, 140, 5, 4, 1),
	(357, 141, 5, 3, 2),
	(358, 142, 5, 5, 1),
	(359, 143, 5, 3, 2),
	(360, 144, 5, 4, 2),
	(361, 145, 5, 3, 2),
	(362, 146, 5, 4, 1),
	(363, 147, 5, 1, 3),
	(364, 148, 5, 3, 3),
	(365, 149, 5, 3, 1),
	(366, 150, 5, 3, 1),
	(367, 49, 7, 6, 1),
	(368, 50, 7, 2, 1),
	(369, 51, 7, 2, 2),
	(370, 52, 7, 4, 1),
	(371, 53, 7, 6, 3),
	(372, 54, 7, 5, 1),
	(373, 55, 7, 1, 3),
	(374, 56, 7, 2, 3),
	(375, 57, 7, 3, 3),
	(376, 58, 7, 2, 2),
	(377, 59, 7, 2, 3),
	(378, 60, 7, 5, 2),
	(379, 61, 7, 6, 1),
	(380, 62, 7, 5, 1),
	(381, 63, 7, 1, 1),
	(382, 64, 7, 4, 3),
	(383, 65, 7, 4, 1),
	(384, 66, 7, 6, 1),
	(385, 67, 7, 2, 1),
	(386, 68, 7, 6, 2),
	(387, 69, 7, 2, 2),
	(388, 70, 7, 4, 2),
	(389, 71, 7, 6, 1),
	(390, 72, 7, 3, 2),
	(391, 73, 7, 6, 2),
	(392, 74, 7, 3, 2),
	(393, 75, 7, 6, 1),
	(394, 76, 7, 1, 3),
	(395, 77, 7, 2, 2),
	(396, 78, 7, 6, 3),
	(397, 79, 7, 4, 1),
	(398, 80, 7, 6, 2),
	(399, 81, 7, 6, 1),
	(400, 82, 7, 1, 2),
	(401, 83, 7, 4, 1),
	(402, 84, 7, 2, 2),
	(403, 85, 7, 2, 3),
	(404, 86, 7, 4, 1),
	(405, 87, 7, 3, 3),
	(406, 88, 7, 2, 2),
	(407, 89, 7, 3, 1),
	(408, 90, 7, 3, 2),
	(409, 91, 7, 3, 3),
	(410, 92, 7, 2, 1),
	(411, 93, 7, 5, 2),
	(412, 94, 7, 2, 3),
	(413, 95, 7, 4, 1),
	(414, 96, 7, 3, 2),
	(415, 97, 7, 4, 1),
	(416, 98, 7, 3, 3),
	(417, 99, 7, 1, 1),
	(418, 100, 7, 6, 1),
	(419, 101, 7, 5, 1),
	(420, 102, 7, 4, 3),
	(421, 103, 7, 3, 2),
	(422, 104, 7, 4, 1),
	(423, 105, 7, 5, 3),
	(424, 106, 7, 5, 1),
	(425, 107, 7, 6, 2),
	(426, 108, 7, 3, 1),
	(427, 109, 7, 5, 3),
	(428, 110, 7, 6, 2),
	(429, 111, 7, 5, 3),
	(430, 115, 7, 3, 3),
	(431, 119, 7, 2, 2),
	(432, 147, 7, 3, 1),
	(433, 148, 7, 2, 1),
	(434, 149, 7, 3, 2),
	(435, 150, 7, 1, 1),
	(436, 38, 8, 5, 3),
	(437, 39, 8, 2, 3),
	(438, 40, 8, 1, 2),
	(439, 41, 8, 1, 2),
	(440, 42, 8, 1, 3),
	(441, 43, 8, 5, 3),
	(442, 44, 8, 4, 1),
	(443, 45, 8, 4, 3),
	(444, 46, 8, 3, 3),
	(445, 47, 8, 3, 1),
	(446, 48, 8, 4, 3),
	(447, 49, 8, 5, 2),
	(448, 50, 8, 1, 1),
	(449, 51, 8, 1, 3),
	(450, 52, 8, 5, 3),
	(451, 53, 8, 2, 2),
	(452, 103, 8, 3, 3),
	(453, 104, 8, 1, 3),
	(454, 105, 8, 6, 2),
	(455, 106, 8, 6, 1),
	(456, 107, 8, 3, 2),
	(457, 108, 8, 1, 3),
	(458, 109, 8, 2, 1),
	(459, 110, 8, 3, 1),
	(460, 111, 8, 4, 3),
	(461, 112, 8, 4, 3),
	(462, 113, 8, 2, 3),
	(463, 114, 8, 5, 3),
	(464, 115, 8, 4, 3),
	(465, 116, 8, 5, 1),
	(466, 117, 8, 1, 1),
	(467, 118, 8, 4, 3),
	(468, 119, 8, 3, 1),
	(469, 120, 8, 3, 2),
	(470, 121, 8, 6, 3),
	(471, 122, 8, 2, 3),
	(472, 123, 8, 2, 3),
	(473, 124, 8, 6, 1),
	(474, 125, 8, 3, 3),
	(475, 126, 8, 6, 1),
	(476, 127, 8, 3, 1),
	(477, 128, 8, 1, 2),
	(478, 129, 8, 6, 1),
	(479, 130, 8, 4, 3),
	(480, 131, 8, 6, 2),
	(481, 132, 8, 5, 1),
	(482, 133, 8, 3, 3),
	(483, 134, 8, 2, 1),
	(484, 135, 8, 6, 2),
	(485, 136, 8, 2, 2),
	(486, 137, 8, 2, 3),
	(487, 138, 8, 1, 3),
	(488, 139, 8, 5, 2),
	(489, 140, 8, 3, 1),
	(490, 141, 8, 1, 3),
	(491, 142, 8, 3, 1),
	(492, 143, 8, 2, 1),
	(493, 144, 8, 2, 2),
	(494, 145, 8, 4, 2),
	(495, 146, 8, 3, 1),
	(496, 147, 8, 5, 3),
	(497, 148, 8, 3, 3),
	(498, 149, 8, 4, 3),
	(499, 150, 8, 5, 2);

-- -------------------------------
-- Dumping data ends
-- -------------------------------

-- -------------------------------
-- Script file ends. BB!
-- -------------------------------